<?xml version='1.0' encoding='utf-8' standalone='no'?>
<qnx xmlns="http://www.qnx.com/schemas/application/1.0">
    <id>com.romano.tic-tac-toe</id>
    <name>tic-tac-toe</name>
    <versionNumber>1.0.0</versionNumber>
    <description>Demo Solomon library with open source Tic-tac-toe provided by Qt Digia</description>
    <copyright>COPYRIGHT 2015</copyright>
    <initialWindow>
        <systemChrome>none</systemChrome>
        <transparent>false</transparent>
        <aspectRatio>portrait</aspectRatio>
        <autoOrients>false</autoOrients>
    </initialWindow>
    <env var="LD_LIBRARY_PATH" value="app/native/runtime/qt/lib:$LD_LIBRARY_PATH"/>
    <env var="QT_PLUGIN_PATH" value="app/native/runtime/qt/plugins:$QT_PLUGIN_PATH"/>
    <env var="QML_IMPORT_PATH" value="app/native/runtime/qt/imports:$QML_IMPORT_PATH"/>
    <env var="QML2_IMPORT_PATH" value="app/native/runtime/qt/qml:$QML2_IMPORT_PATH"/>
    <asset type="Qnx/Elf" entry="true" path="${BUILD_DIR}/tic-tac-toe">tic-tac-toe</asset>
    <author>Giovanni Romano</author>
    <icon>
        <image>bb_tris.png</image>
    </icon>
    <asset path="/home/gianni/Projects/TicTacToe/GameApp/tic-tac-toe/bb_tris.png">bb_tris.png</asset>
    <authorId>gYAAgIBk3Qv3ea6dfx1NR9LsOpg</authorId>
    <action>access_internet</action>
    <asset path="/home/gianni/bbndk/target_10_3_1_995/qnx6/armle-v7/usr/lib/qt5/lib">runtime/qt/lib</asset>
    <asset path="/home/gianni/bbndk/target_10_3_1_995/qnx6/armle-v7/usr/lib/qt5/plugins">runtime/qt/plugins</asset>
    <asset path="/home/gianni/bbndk/target_10_3_1_995/qnx6/armle-v7/usr/lib/qt5/qml">runtime/qt/qml</asset>
</qnx>
